lookback,cost_bps,final_equity,cagr,annualized_volatility,sharpe_ratio,max_drawdown,calmar_ratio,hit_rate
21,0.0,2.957220219006318,0.042065797072976974,0.1095489318217472,0.43107251580284034,-0.42220597959219874,0.09963335221734088,0.35077665510481076
21,5.0,2.216018536035761,0.03070156458915352,0.10957287241605378,0.33091745861485505,-0.4808999440540137,0.06384189677864711,0.3498718142060021
21,10.0,1.6603529281863736,0.019455671347420322,0.10964246530572225,0.23071005592270236,-0.533656628937579,0.03645728412697375,0.3483637460413211
21,25.0,0.6977577451771722,-0.013583657696803697,0.11012400837377853,-0.06897907479560081,-0.6619896748387453,-0.02051944042799845,0.345347609711959
63,0.0,3.6107778919062348,0.050003337293471395,0.10911592269793839,0.5019486166025585,-0.27925111913218825,0.17906226284379353,0.3749057457397074
63,5.0,3.0968709645619654,0.043894734450617534,0.10913459684422705,0.44841029873205873,-0.294944225354018,0.14882384762044829,0.37415171165736694
63,10.0,2.65590221785167,0.03781863963547849,0.10917874931385045,0.39479814679316266,-0.3103032410136617,0.12187639262785996,0.3738500980244307
63,25.0,1.6744742606437992,0.019783838180381874,0.1094636794074692,0.2338952994549056,-0.37364142754180674,0.05294872763585152,0.372794450309154
126,0.0,5.972288099843702,0.0702763367991921,0.11149280172017086,0.6651930516563443,-0.2452581191506853,0.2865403071774137,0.3913436887347308
126,5.0,5.461017473725987,0.06664239586152165,0.11149872662379455,0.6346524504633515,-0.25126988017038865,0.2652223808772097,0.3910420751017946
126,10.0,4.993291724196111,0.06301898475800005,0.11151949032766435,0.6040347112311244,-0.2572367261411097,0.24498439901396651,0.3908912682853265
126,25.0,3.8160161824717878,0.05221167803436866,0.111670701891701,0.5118419724475269,-0.27487089715166946,0.18994982217254913,0.3898356205700498
189,0.0,7.672066869415363,0.08051202956756875,0.11725735749315495,0.7193366494503179,-0.24136127786381434,0.3335747568132982,0.4094405067109033
189,5.0,7.178118012818442,0.0777827852618207,0.11727841741967696,0.6976585788957274,-0.24327796269737767,0.31972803619116763,0.408988086261499
189,10.0,6.71574718623991,0.07505907344964258,0.11731002953729834,0.675927486460723,-0.24519077197876094,0.3061251973061384,0.4085356658120947
189,25.0,5.498682043153307,0.06692104848849945,0.11746807962643922,0.6104757287146563,-0.2509060052771577,0.266717603728044,0.4083848589956266
252,0.0,6.832347851070349,0.07576256584959773,0.1262621306151625,0.6419696521386771,-0.3116828679636494,0.24307581082202337,0.41411551802141455
252,5.0,6.534400993305958,0.07394125111861127,0.12629143549256525,0.6284298544860787,-0.31375053000358266,0.2356689281696734,0.4139647112049465
252,10.0,6.249307401061657,0.07212210927454143,0.12632733741929492,0.6148642279362542,-0.3158130135973749,0.228369655996788,0.41381390438847837
252,25.0,5.465776463959678,0.0666777060167234,0.12647456415332886,0.5740341416153961,-0.3219694974291798,0.2070932387978454,0.41336148393907407
